b6510405580,3faf99f8-66cd-4701-ac6c-c806c66b1b05,Participant
b6510405580,4fc14f7a-9295-4ebd-afa4-8968e4d80ab2,Participant
b6510405580,71d3fdb0-cf52-4024-81a4-e87812e8492f,Participant
b6510405580,a888481c-3b91-42ed-bb5d-c4a29d2cb397,Participant
b6510405580,c3d16d29-1ef4-42ec-8a87-0318ee25432b,Participant
j.smith,3faf99f8-66cd-4701-ac6c-c806c66b1b05,Participant
j.smith,4fc14f7a-9295-4ebd-afa4-8968e4d80ab2,Participant
j.smith,71d3fdb0-cf52-4024-81a4-e87812e8492f,Participant
j.smith,a888481c-3b91-42ed-bb5d-c4a29d2cb397,Participant
j.smith,c3d16d29-1ef4-42ec-8a87-0318ee25432b,Participant
m.johnson,c3d16d29-1ef4-42ec-8a87-0318ee25432b,Participant
m.johnson,3faf99f8-66cd-4701-ac6c-c806c66b1b05,Participant
jessica.wilson,71d3fdb0-cf52-4024-81a4-e87812e8492f,Participant
jessica.wilson,4fc14f7a-9295-4ebd-afa4-8968e4d80ab2,Participant
jessica.wilson,c3d16d29-1ef4-42ec-8a87-0318ee25432b,Participant
j.brown,3faf99f8-66cd-4701-ac6c-c806c66b1b05,Participant
j.brown,71d3fdb0-cf52-4024-81a4-e87812e8492f,Participant
j.brown,c3d16d29-1ef4-42ec-8a87-0318ee25432b,Participant
sophia.lee,3faf99f8-66cd-4701-ac6c-c806c66b1b05,Participant
sophia.lee,a888481c-3b91-42ed-bb5d-c4a29d2cb397,Participant
sophia.lee,71d3fdb0-cf52-4024-81a4-e87812e8492f,Participant
sophia.lee,c3d16d29-1ef4-42ec-8a87-0318ee25432b,Participant
emma.hall,3faf99f8-66cd-4701-ac6c-c806c66b1b05,Participant
emma.hall,71d3fdb0-cf52-4024-81a4-e87812e8492f,Participant
emma.hall,c3d16d29-1ef4-42ec-8a87-0318ee25432b,Participant
s.clark,3faf99f8-66cd-4701-ac6c-c806c66b1b05,Participant
s.clark,a888481c-3b91-42ed-bb5d-c4a29d2cb397,Participant
s.clark,71d3fdb0-cf52-4024-81a4-e87812e8492f,Participant
s.white,4fc14f7a-9295-4ebd-afa4-8968e4d80ab2,Participant
s.white,a888481c-3b91-42ed-bb5d-c4a29d2cb397,Participant
s.white,c3d16d29-1ef4-42ec-8a87-0318ee25432b,Participant
s.white,3faf99f8-66cd-4701-ac6c-c806c66b1b05,Participant
l.hall,4fc14f7a-9295-4ebd-afa4-8968e4d80ab2,Participant
l.hall,a888481c-3b91-42ed-bb5d-c4a29d2cb397,Participant
c.mitchell,a888481c-3b91-42ed-bb5d-c4a29d2cb397,Participant
c.mitchell,4fc14f7a-9295-4ebd-afa4-8968e4d80ab2,Participant
c.mitchell,71d3fdb0-cf52-4024-81a4-e87812e8492f,Participant
e.king,3faf99f8-66cd-4701-ac6c-c806c66b1b05,Participant
e.king,c3d16d29-1ef4-42ec-8a87-0318ee25432b,Participant
e.king,4fc14f7a-9295-4ebd-afa4-8968e4d80ab2,Participant
grace.walker,4fc14f7a-9295-4ebd-afa4-8968e4d80ab2,Participant
grace.walker,a888481c-3b91-42ed-bb5d-c4a29d2cb397,Participant
grace.walker,c3d16d29-1ef4-42ec-8a87-0318ee25432b,Participant
emily.miller,a888481c-3b91-42ed-bb5d-c4a29d2cb397,Participant
emily.miller,71d3fdb0-cf52-4024-81a4-e87812e8492f,Participant
emily.miller,c3d16d29-1ef4-42ec-8a87-0318ee25432b,Participant
b6510405504,4fc14f7a-9295-4ebd-afa4-8968e4d80ab2,Participant
b6510405504,71d3fdb0-cf52-4024-81a4-e87812e8492f,Participant
b6510405598,12,Member
b6510405598,7,Member
myers,12,Leader
jangwei,1,Member
jangwei,2,Member
jangwei,7,Member
jangwei,9,Member
leewill,7,Member
robert e. clark,7,Member
william h. mccallister,1,Member
egreane,1,Member
secon1976,71d3fdb0-cf52-4024-81a4-e87812e8492f,Participant
equithere,4fc14f7a-9295-4ebd-afa4-8968e4d80ab2,Participant
tiscity79,3faf99f8-66cd-4701-ac6c-c806c66b1b05,Participant
scrues,a888481c-3b91-42ed-bb5d-c4a29d2cb397,Participant
miguel,c3d16d29-1ef4-42ec-8a87-0318ee25432b,Participant
miles,4fc14f7a-9295-4ebd-afa4-8968e4d80ab2,Participant
gwen,71d3fdb0-cf52-4024-81a4-e87812e8492f,Participant
pavitr,a888481c-3b91-42ed-bb5d-c4a29d2cb397,Participant
bobby,c3d16d29-1ef4-42ec-8a87-0318ee25432b,Participant
michellej,a888481c-3b91-42ed-bb5d-c4a29d2cb397,Participant
dark_knight,a888481c-3b91-42ed-bb5d-c4a29d2cb397,Participant
superman,71d3fdb0-cf52-4024-81a4-e87812e8492f,Participant
f.lash,4fc14f7a-9295-4ebd-afa4-8968e4d80ab2,Participant
akira22,4fc14f7a-9295-4ebd-afa4-8968e4d80ab2,Participant
